{
  "ours_sup": {
    "n_experts": 5,
    "n_domains": 5,
    "ppl_matrix": [
      [
        32.565,
        38.772,
        41.042,
        37.725,
        40.13
      ],
      [
        50.535,
        59.373,
        67.314,
        68.26,
        67.766
      ],
      [
        41.706,
        38.643,
        50.25,
        48.499,
        50.704
      ],
      [
        36.884,
        44.585,
        30.251,
        36.879,
        32.28
      ],
      [
        31.051,
        35.443,
        29.15,
        25.078,
        28.773
      ]
    ],
    "self_expert_per_domain": [
      0,
      0,
      1,
      2,
      3
    ],
    "per_domain": {
      "0": {
        "self_expert": 0,
        "self_ppl": 32.56530741455126,
        "other_mean_ppl": 39.417421639373686,
        "best_expert": 0,
        "best_is_self": true,
        "ratio_other_to_self": 1.210411470636407,
        "row_ppl": [
          32.56530741455126,
          38.7723149201657,
          41.04175094250297,
          37.72515190724106,
          40.13046878758503
        ]
      },
      "1": {
        "self_expert": 0,
        "self_ppl": 50.53477331284896,
        "other_mean_ppl": 65.67840072925361,
        "best_expert": 0,
        "best_is_self": true,
        "ratio_other_to_self": 1.2996674650671527,
        "row_ppl": [
          50.53477331284896,
          59.37345096967309,
          67.31407342503547,
          68.25992839035203,
          67.76615013195384
        ]
      },
      "2": {
        "self_expert": 1,
        "self_ppl": 38.642798470108325,
        "other_mean_ppl": 47.78971408788574,
        "best_expert": 1,
        "best_is_self": true,
        "ratio_other_to_self": 1.2367042755677466,
        "row_ppl": [
          41.70622548685378,
          38.642798470108325,
          50.24957153991775,
          48.49867998068718,
          50.70437934408427
        ]
      },
      "3": {
        "self_expert": 2,
        "self_ppl": 30.25052495717058,
        "other_mean_ppl": 37.65680107916033,
        "best_expert": 2,
        "best_is_self": true,
        "ratio_other_to_self": 1.2448313254885903,
        "row_ppl": [
          36.88369605816544,
          44.584763352281826,
          30.25052495717058,
          36.87898877846384,
          32.279756127730224
        ]
      },
      "4": {
        "self_expert": 3,
        "self_ppl": 25.07849201032753,
        "other_mean_ppl": 31.104485603687298,
        "best_expert": 3,
        "best_is_self": true,
        "ratio_other_to_self": 1.240285324607166,
        "row_ppl": [
          31.051437329816803,
          35.44336884301477,
          29.149902474693835,
          25.07849201032753,
          28.773233767223783
        ]
      }
    },
    "summary": {
      "mean_self_ppl": 35.41437923300133,
      "mean_other_ppl": 44.32936462787213,
      "specialization_gap_ratio": 1.2517334932293056,
      "frac_domains_best_is_self": 1.0
    }
  },
  "ours_unsup": {
    "n_experts": 5,
    "n_domains": 5,
    "ppl_matrix": [
      [
        31.489,
        39.23,
        40.291,
        41.403,
        40.305
      ],
      [
        49.685,
        59.181,
        65.786,
        73.653,
        66.568
      ],
      [
        42.221,
        38.63,
        48.735,
        54.44,
        48.306
      ],
      [
        37.186,
        45.032,
        30.323,
        36.117,
        32.981
      ],
      [
        31.015,
        35.275,
        28.868,
        24.759,
        29.855
      ]
    ],
    "self_expert_per_domain": [
      0,
      0,
      1,
      2,
      3
    ],
    "per_domain": {
      "0": {
        "self_expert": 0,
        "self_ppl": 31.488836273912597,
        "other_mean_ppl": 40.30696396201052,
        "best_expert": 0,
        "best_is_self": true,
        "ratio_other_to_self": 1.2800398087560776,
        "row_ppl": [
          31.488836273912597,
          39.229829422460796,
          40.290726087513555,
          41.40272380684856,
          40.30457653121916
        ]
      },
      "1": {
        "self_expert": 0,
        "self_ppl": 49.68487296703781,
        "other_mean_ppl": 66.29719163686445,
        "best_expert": 0,
        "best_is_self": true,
        "ratio_other_to_self": 1.3343536508757439,
        "row_ppl": [
          49.68487296703781,
          59.18131444490952,
          65.785675497245,
          73.65338466286475,
          66.56839194243852
        ]
      },
      "2": {
        "self_expert": 1,
        "self_ppl": 38.630094096344884,
        "other_mean_ppl": 48.425501147169996,
        "best_expert": 1,
        "best_is_self": true,
        "ratio_other_to_self": 1.2535693293004933,
        "row_ppl": [
          42.22058497486915,
          38.630094096344884,
          48.735161605507486,
          54.43990315573752,
          48.306354852565846
        ]
      },
      "3": {
        "self_expert": 2,
        "self_ppl": 30.32265119150414,
        "other_mean_ppl": 37.829125083703694,
        "best_expert": 2,
        "best_is_self": true,
        "ratio_other_to_self": 1.247553350292231,
        "row_ppl": [
          37.18623591438725,
          45.03183374994817,
          30.32265119150414,
          36.117284872182715,
          32.98114579829664
        ]
      },
      "4": {
        "self_expert": 3,
        "self_ppl": 24.758822713105275,
        "other_mean_ppl": 31.253302013234524,
        "best_expert": 3,
        "best_is_self": true,
        "ratio_other_to_self": 1.2623096976534192,
        "row_ppl": [
          31.014696763820993,
          35.27467090011644,
          28.8683826346224,
          24.758822713105275,
          29.85545775437825
        ]
      }
    },
    "summary": {
      "mean_self_ppl": 34.977055448380945,
      "mean_other_ppl": 44.82241676859664,
      "specialization_gap_ratio": 1.2814805647303689,
      "frac_domains_best_is_self": 1.0
    }
  },
  "cbtm": {
    "n_experts": 5,
    "n_domains": 5,
    "ppl_matrix": [
      [
        30.959,
        46.836,
        118.142,
        55.042,
        110.06
      ],
      [
        34.271,
        136.943,
        639.547,
        342.477,
        619.514
      ],
      [
        56.485,
        40.235,
        252.428,
        142.227,
        305.051
      ],
      [
        31.285,
        92.398,
        23.437,
        37.682,
        27.646
      ],
      [
        33.001,
        80.497,
        39.54,
        20.34,
        63.247
      ]
    ],
    "self_expert_per_domain": [
      0,
      0,
      1,
      2,
      3
    ],
    "per_domain": {
      "0": {
        "self_expert": 0,
        "self_ppl": 30.958809715643632,
        "other_mean_ppl": 82.51986778639849,
        "best_expert": 0,
        "best_is_self": true,
        "ratio_other_to_self": 2.6654728829804077,
        "row_ppl": [
          30.958809715643632,
          46.836289827281085,
          118.14157608798855,
          55.04207058711131,
          110.05953464321304
        ]
      },
      "1": {
        "self_expert": 0,
        "self_ppl": 34.27069017138322,
        "other_mean_ppl": 434.6206006502189,
        "best_expert": 0,
        "best_is_self": true,
        "ratio_other_to_self": 12.681991476586504,
        "row_ppl": [
          34.27069017138322,
          136.94331571616922,
          639.5473318302014,
          342.4772729336904,
          619.5144821208147
        ]
      },
      "2": {
        "self_expert": 1,
        "self_ppl": 40.23497139771696,
        "other_mean_ppl": 189.04752975644436,
        "best_expert": 1,
        "best_is_self": true,
        "ratio_other_to_self": 4.698587402678542,
        "row_ppl": [
          56.4851290219222,
          40.23497139771696,
          252.4277116737902,
          142.22660769172913,
          305.0506706383359
        ]
      },
      "3": {
        "self_expert": 2,
        "self_ppl": 23.437206430093134,
        "other_mean_ppl": 47.252395794113745,
        "best_expert": 2,