{
  "recipe": "dev",
  "n_domains": 5,
  "domain_names": [
    "wiki",
    "news",
    "reviews",
    "arxiv",
    "pubmed"
  ],
  "n_docs": 100000,
  "n_blocks": 42929,
  "silhouette_domains": 0.05055326223373413,
  "silhouette_n_sampled": 6000,
  "centroid_cosine_distance": [
    [
      -0.0,
      0.5960000157356262,
      0.6549999713897705,
      0.8220000267028809,
      0.9900000095367432
    ],
    [
      0.5960000157356262,
      -0.0,
      0.8669999837875366,
      0.9369999766349792,
      1.090000033378601
    ],
    [
      0.6549999713897705,
      0.8669999837875366,
      0.0,
      0.9559999704360962,
      0.9990000128746033
    ],
    [
      0.8220000267028809,
      0.9369999766349792,
      0.9559999704360962,
      -0.0,
      1.1139999628067017
    ],
    [
      0.9900000095367432,
      1.090000033378601,
      0.9990000128746033,
      1.1139999628067017,
      0.0
    ]
  ],
  "clusterer_vs_domain": {
    "nmi": 0.7590674745600624,
    "ari": 0.7374081726572576,
    "purity": 0.8974818886999464,
    "n_clusters": 5,
    "contingency_cluster_by_domain": [
      [
        5356,
        2143,
        292,
        753,
        171
      ],
      [
        438,
        0,
        11589,
        1,
        0
      ],
      [
        33,
        0,
        1,
        8312,
        100
      ],
      [
        326,
        2,
        9,
        43,
        9194
      ],
      [
        82,
        1,
        5,
        4077,
        1
      ]
    ]
  },
  "per_domain": {
    "wiki": {
      "docs": 20000,
      "blocks": 6235,
      "mean_chars": 726.3
    },
    "news": {
      "docs": 20000,
      "blocks": 2146,
      "mean_chars": 239.7
    },
    "reviews": {
      "docs": 20000,
      "blocks": 11896,
      "mean_chars": 1324.6
    },
    "arxiv": {
      "docs": 20000,
      "blocks": 13186,
      "mean_chars": 1572.2
    },
    "pubmed": {
      "docs": 20000,
      "blocks": 9466,
      "mean_chars": 1215.9
    }
  },
  "samples": {
    "wiki": [
      "Senj\u014d no Valkyria 3 : Unrecorded Chronicles ( Japanese : \u6226\u5834\u306e\u30f4\u30a1\u30eb\u30ad\u30e5\u30ea\u30a23 , lit . Valkyria of the Battlefield 3 ) , commonly referred to as Valkyria Chronicles III outside Japan , is a tactical role @-@ playing video game developed by Sega and M",
      "The game began development in 2010 , carrying over a large portion of the work done on Valkyria Chronicles II . While it retained the standard features of the series , it also underwent multiple adjustments , such as making the game more fo"
    ],
    "news": [
      "Wall St. Bears Claw Back Into the Black (Reuters) Reuters - Short-sellers, Wall Street's dwindling\\band of ultra-cynics, are seeing green again.",
      "Carlyle Looks Toward Commercial Aerospace (Reuters) Reuters - Private investment firm Carlyle Group,\\which has a reputation for making well-timed and occasionally\\controversial plays in the defense industry, has quietly placed\\its bets on a"
    ],
    "reviews": [
      "I rented I AM CURIOUS-YELLOW from my video store because of all the controversy that surrounded it when it was first released in 1967. I also heard that at first it was seized by U.S. customs if it ever tried to enter this country, therefor",
      "\"I Am Curious: Yellow\" is a risible and pretentious steaming pile. It doesn't matter what one's political views are because this film can hardly be taken seriously on any level. As for the claim that frontal male nudity is an automatic NC-1"
    ],
    "arxiv": [
      "additive models play an important role in semiparametric statistics . this paper gives learning rates for regularized kernel based methods for additive models . these learning rates compare favourably in particular in high dimensions to rec",
      "we have studied the leptonic decay @xmath0 , via the decay channel @xmath1 , using a sample of tagged @xmath2 decays collected near the @xmath3 peak production energy in @xmath4 collisions with the cleo - c detector . we obtain @xmath5 and "
    ],
    "pubmed": [
      "background : the present study was carried out to assess the effects of community nutrition intervention based on advocacy approach on malnutrition status among school - aged children in shiraz , iran.materials and methods : this case - con",
      "backgroundanemia in patients with cancer who are undergoing active therapy is commonly encountered and may worsen quality of life in these patients . the effect of blood transfusion is often temporary and may be associated with serious adve"
    ]
  }
}