method,macro_ppl,micro_ppl,routing_nmi,routing_acc,util_entropy,separation,swap_ratio,added_params,trainable_params,active_params,total_params
cbtm,3.2141714454310906,2.682936099949823,0.6256803020978137,0.564076858813701,0.6487749760648692,nan,nan,179526144,205172736,25646592,205172736
dense_1x,2.471917857517853,2.3760694885088958,0.6256803020978137,0.564076858813701,0.6487749760648692,nan,nan,0,25646592,25646592,25646592
dense_ceiling,2.4216281699282995,2.3259307366849886,0.6256803020978137,0.564076858813701,0.6487749760648692,nan,nan,0,143201792,143201792,143201792
moe_g1,2.591948298430094,2.488183364263828,0.6256803020978137,0.564076858813701,0.6487749760648692,nan,nan,117616640,143263232,25679360,143263232
moe_g2,2.3986407551297457,2.305954663128379,0.6256803020978137,0.564076858813701,0.6487749760648692,nan,nan,126078976,143328768,25716224,143328768
moe_oracle,2.588992003418328,2.469795895594998,0.6256803020978137,0.564076858813701,0.6487749760648692,nan,nan,117616640,143263232,25679360,143263232
ours_sup_seq,2.4602511206810105,2.3681944728877165,1.0,1.0,0.9621248821246046,1.1427177041769028,1.4905425636869314,4096,4096,25647104,25650688
ours_unsup_seq,2.659256800766142,2.5550971934636033,0.5972632976041199,0.562907268170426,0.6235855652675568,1.1427681148052216,3.048827143276593,270856,270856,25913864,25917448
