{
  "ours_alt": {
    "n_experts": 5,
    "n_domains": 5,
    "ppl_matrix": [
      [
        4.181,
        4.148,
        4.18,
        4.004,
        4.174
      ],
      [
        4.931,
        4.549,
        4.867,
        4.748,
        5.021
      ],
      [
        4.225,
        4.176,
        4.228,
        3.971,
        3.867
      ],
      [
        3.041,
        3.625,
        3.131,
        3.472,
        3.737
      ],
      [
        3.474,
        3.914,
        3.345,
        3.755,
        4.214
      ]
    ],
    "self_expert_per_domain": [
      3,
      1,
      4,
      0,
      2
    ],
    "per_domain": {
      "0": {
        "self_expert": 3,
        "self_ppl": 4.0035744548913215,
        "other_mean_ppl": 4.17089627761438,
        "best_expert": 3,
        "best_is_self": true,
        "ratio_other_to_self": 1.0417931087852346,
        "row_ppl": [
          4.181144542364024,
          4.148288845373917,
          4.180128306866513,
          4.0035744548913215,
          4.174023415853066
        ]
      },
      "1": {
        "self_expert": 1,
        "self_ppl": 4.548797583397253,
        "other_mean_ppl": 4.891633827773938,
        "best_expert": 1,
        "best_is_self": true,
        "ratio_other_to_self": 1.0753685425854098,
        "row_ppl": [
          4.930761638958371,
          4.548797583397253,
          4.86747085152054,
          4.747727087127948,
          5.020575733488893
        ]
      },
      "2": {
        "self_expert": 4,
        "self_ppl": 3.8671037471525684,
        "other_mean_ppl": 4.149952992864084,
        "best_expert": 4,
        "best_is_self": true,
        "ratio_other_to_self": 1.0731423991196987,
        "row_ppl": [
          4.2248879120727985,
          4.17550320934043,
          4.228121777658366,
          3.971299072384743,
          3.8671037471525684
        ]
      },
      "3": {
        "self_expert": 0,
        "self_ppl": 3.041230936945959,
        "other_mean_ppl": 3.4915441677976955,
        "best_expert": 0,
        "best_is_self": true,
        "ratio_other_to_self": 1.1480693969606748,
        "row_ppl": [
          3.041230936945959,
          3.6254592917692734,
          3.1313013823825964,
          3.4720300070387773,
          3.7373859900001354
        ]
      },
      "4": {
        "self_expert": 2,
        "self_ppl": 3.344740040673137,
        "other_mean_ppl": 3.8392212726094552,
        "best_expert": 2,
        "best_is_self": true,
        "ratio_other_to_self": 1.1478384645512847,
        "row_ppl": [
          3.4740072213035718,
          3.914466319678949,
          3.344740040673137,
          3.754509602365815,
          4.213901947089487
        ]
      }
    },
    "summary": {
      "mean_self_ppl": 3.7610893526120477,
      "mean_other_ppl": 4.108649707731911,
      "specialization_gap_ratio": 1.0924094916486058,
      "frac_domains_best_is_self": 1.0
    }
  },
  "ours_seq": {
    "n_experts": 5,
    "n_domains": 5,
    "ppl_matrix": [
      [
        3.988,
        3.995,
        3.982,
        3.952,
        3.99
      ],
      [
        4.623,
        4.586,
        4.611,
        4.584,
        4.601
      ],
      [
        3.876,
        3.844,
        3.868,
        3.84,
        3.822
      ],
      [
        3.024,
        3.076,
        3.04,
        3.084,
        3.094
      ],
      [
        3.342,
        3.369,
        3.319,
        3.404,
        3.396
      ]
    ],
    "self_expert_per_domain": [
      3,
      1,
      4,
      0,
      2
    ],
    "per_domain": {
      "0": {
        "self_expert": 3,
        "self_ppl": 3.9520751464590966,
        "other_mean_ppl": 3.988834992812802,
        "best_expert": 3,
        "best_is_self": true,
        "ratio_other_to_self": 1.0093014036908283,
        "row_ppl": [
          3.9884820489167985,
          3.9947460661721745,
          3.9819704486689287,
          3.9520751464590966,
          3.9901414074933057
        ]
      },
      "1": {
        "self_expert": 1,
        "self_ppl": 4.586146102891791,
        "other_mean_ppl": 4.604655483794105,
        "best_expert": 3,
        "best_is_self": false,
        "ratio_other_to_self": 1.0040359335457374,
        "row_ppl": [
          4.62314262460886,
          4.586146102891791,
          4.6105641719229205,
          4.583905974391261,
          4.60100916425338
        ]
      },
      "2": {
        "self_expert": 4,
        "self_ppl": 3.8223566324764255,
        "other_mean_ppl": 3.8571615820341316,
        "best_expert": 4,
        "best_is_self": true,
        "ratio_other_to_self": 1.0091056259015676,
        "row_ppl": [
          3.8761126185578623,
          3.8440890326153223,
          3.8681791774327756,
          3.8402654995305663,
          3.8223566324764255
        ]
      },
      "3": {
        "self_expert": 0,
        "self_ppl": 3.0240558059815394,
        "other_mean_ppl": 3.0732686003878102,
        "best_expert": 0,
        "best_is_self": true,
        "ratio_other_to_self": 1.0162737719022674,
        "row_ppl": [
          3.0240558059815394,
          3.0759616312609324,
          3.0395507077464448,
          3.0837524588541636,
          3.0938096036896985
        ]
      },
      "4": {
        "self_expert": 2,
        "self_ppl": 3.318711864663324,
        "other_mean_ppl": 3.377650425011777,
        "best_expert": 2,
        "best_is_self": true,
        "ratio_other_to_self": 1.0177594689602354,
        "row_ppl": [
          3.342010027671953,
          3.3686153461114663,
          3.318711864663324,
          3.404025390335008,
          3.3959509359286817
        ]
      }
    },
    "summary": {
      "mean_self_ppl": 3.740669110494436,
      "mean_other_ppl": 3.780314216808125,
      "specialization_gap_ratio": 1.0105983996826837,
      "frac_domains_best_is_self": 0.8
    }
  }
}