{
  "ours_unsup_alt": {
    "n_experts": 5,
    "n_domains": 5,
    "ppl_matrix": [
      [
        4.155,
        4.131,
        4.148,
        3.991,
        4.149
      ],
      [
        4.945,
        4.543,
        4.879,
        4.747,
        5.025
      ],
      [
        4.229,
        4.177,
        4.222,
        3.972,
        3.867
      ],
      [
        3.033,
        3.696,
        3.119,
        3.452,
        3.682
      ],
      [
        3.452,
        4.017,
        3.328,
        3.741,
        4.175
      ]
    ],
    "self_expert_per_domain": [
      3,
      1,
      4,
      0,
      2
    ],
    "per_domain": {
      "0": {
        "self_expert": 3,
        "self_ppl": 3.9905808108656466,
        "other_mean_ppl": 4.145665592135843,
        "best_expert": 3,
        "best_is_self": true,
        "ratio_other_to_self": 1.0388627091194162,
        "row_ppl": [
          4.154557737422637,
          4.130998440814955,
          4.148160184479002,
          3.9905808108656466,
          4.148946005826777
        ]
      },
      "1": {
        "self_expert": 1,
        "self_ppl": 4.542810536106973,
        "other_mean_ppl": 4.899154455957354,
        "best_expert": 1,
        "best_is_self": true,
        "ratio_other_to_self": 1.0784412902581129,
        "row_ppl": [
          4.945369607863383,
          4.542810536106973,
          4.879269261649544,
          4.746686793023945,
          5.025292161292543
        ]
      },
      "2": {
        "self_expert": 4,
        "self_ppl": 3.867245649642035,
        "other_mean_ppl": 4.150201042734471,
        "best_expert": 4,
        "best_is_self": true,
        "ratio_other_to_self": 1.0731671630734467,
        "row_ppl": [
          4.229306428824946,
          4.176780781845047,
          4.222432623126088,
          3.972284337141804,
          3.867245649642035
        ]
      },
      "3": {
        "self_expert": 0,
        "self_ppl": 3.0328869249427535,
        "other_mean_ppl": 3.487266369290947,
        "best_expert": 0,
        "best_is_self": true,
        "ratio_other_to_self": 1.1498174694913066,
        "row_ppl": [
          3.0328869249427535,
          3.6961116156303087,
          3.1189385634148663,
          3.451904346331918,
          3.6821109517866946
        ]
      },
      "4": {
        "self_expert": 2,
        "self_ppl": 3.32753132995782,
        "other_mean_ppl": 3.8464473399206947,
        "best_expert": 2,
        "best_is_self": true,
        "ratio_other_to_self": 1.155946243177657,
        "row_ppl": [
          3.4524769334711607,
          4.01673336427553,
          3.32753132995782,
          3.7412816396625153,
          4.175297422273572
        ]
      }
    },
    "summary": {
      "mean_self_ppl": 3.7522110503030452,
      "mean_other_ppl": 4.1057469600078615,
      "specialization_gap_ratio": 1.094220688805941,
      "frac_domains_best_is_self": 1.0
    }
  },
  "ours_unsup_seq": {
    "n_experts": 5,
    "n_domains": 5,
    "ppl_matrix": [
      [
        3.988,
        3.998,
        3.987,
        3.952,
        3.991
      ],
      [
        4.623,
        4.585,
        4.614,
        4.584,
        4.602
      ],
      [
        3.876,
        3.845,
        3.873,
        3.84,
        3.822
      ],
      [
        3.024,
        3.077,
        3.043,
        3.084,
        3.095
      ],
      [
        3.342,
        3.371,
        3.317,
        3.407,
        3.397
      ]
    ],
    "self_expert_per_domain": [
      3,
      1,
      4,
      0,
      2
    ],
    "per_domain": {
      "0": {
        "self_expert": 3,
        "self_ppl": 3.9517785827555807,
        "other_mean_ppl": 3.9909863384539515,
        "best_expert": 3,
        "best_is_self": true,
        "ratio_other_to_self": 1.009921546685197,
        "row_ppl": [
          3.988219469092364,
          3.9980810964049622,
          3.9870293166654123,
          3.9517785827555807,
          3.990615471653067
        ]
      },
      "1": {
        "self_expert": 1,
        "self_ppl": 4.584789620928048,
        "other_mean_ppl": 4.605664880811016,
        "best_expert": 3,
        "best_is_self": false,
        "ratio_other_to_self": 1.0045531554572709,
        "row_ppl": [
          4.622976277332502,
          4.584789620928048,
          4.614113135277301,
          4.583680468998105,
          4.601889641636155
        ]
      },
      "2": {
        "self_expert": 4,
        "self_ppl": 3.822234774288456,
        "other_mean_ppl": 3.8583010430072293,
        "best_expert": 4,
        "best_is_self": true,
        "ratio_other_to_self": 1.0094359114100957,
        "row_ppl": [
          3.8758048992823593,
          3.8446157388692934,
          3.8730258120034646,
          3.839757721873801,
          3.822234774288456
        ]
      },
      "3": {
        "self_expert": 0,
        "self_ppl": 3.024118963342643,
        "other_mean_ppl": 3.07474133302066,
        "best_expert": 0,
        "best_is_self": true,
        "ratio_other_to_self": 1.0167395430840005,
        "row_ppl": [
          3.024118963342643,
          3.077078923559359,
          3.0429284777813477,
          3.084250266811695,
          3.094707663930238
        ]
      },
      "4": {
        "self_expert": 2,
        "self_ppl": 3.3167387626170592,
        "other_mean_ppl": 3.379473966225251,
        "best_expert": 2,
        "best_is_self": true,
        "ratio_other_to_self": 1.0189147256079616,
        "row_ppl": [
          3.3418937853022057,
          3.3714650554585184,
          3.3167387626170592,
          3.407108286147343,
          3.3974287379929367
        ]
      }
    },
    "summary": {
      "mean_self_ppl": 3.7399321407863573,
      "mean_other_ppl": 3.7818335123036215,
      "specialization_gap_ratio": 1.011203778555312,
      "frac_domains_best_is_self": 0.8
    }
  },
  "ours_sup_alt": {
    "n_experts": 5,
    "n_domains": 5,
    "ppl_matrix": [
      [
        3.897,
        4.913,
        4.956,
        4.924,
        4.744
      ],
      [
        5.713,
        4.39,
        5.182,
        6.598,
        6.337
      ],
      [
        4.9,
        4.342,
        3.788,
        5.718,
        5.678
      ],
      [
        3.907,
        4.637,
        4.455,
        2.974,
        3.195
      ],
      [
        3.858,
        4.782,
        4.887,
        3.637,
        3.249
      ]
    ],
    "self_expert_per_domain": [
      0,
      1,
      2,
      3,
      4
    ],
    "per_domain": {
      "0": {
        "self_expert": 0,
        "self_ppl": 3.8969528554411896,
        "other_mean_ppl": 4.8841440656680275,
        "best_expert": 0,
        "best_is_self": true,
        "ratio_other_to_self": 1.2533238781291527,
        "row_ppl": [
          3.8969528554411896,
          4.912824703921615,
          4.955549040419654,
          4.92423981407089,
          4.743962704259951
        ]
      },
      "1": {
        "self_expert": 1,
        "self_ppl": 4.390314284770308,
        "other_mean_ppl": 5.957756262324771,
        "best_expert": 1,
        "best_is_self": true,
        "ratio_other_to_self": 1.357022726822043,
        "row_ppl": [
          5.712820463210329,
          4.390314284770308,
          5.18240358581452,
          6.598470883893635,
          6.337330116380596
        ]
      },
      "2": {
        "self_expert": 2,
        "self_ppl": 3.7875245582375014,
        "other_mean_ppl": 5.159364044094511,
        "best_expert": 2,
        "best_is_self": true,
        "ratio_other_to_self": 1.3621994959407961,
        "row_ppl": [
          4.89964999013584,
          4.342261812039097,
          3.7875245582375014,
          5.717718377128032,
          5.677825997075075
        ]
      },
      "3": {
        "self_expert": 3,
        "self_ppl": 2.974351799604705,
        "other_mean_ppl": 4.048476352506487,
        "best_expert": 3,
        "best_is_self": true,
        "ratio_other_to_self": 1.361128953557052,