{
  "ours_sup_alt": {
    "n_experts": 5,
    "n_domains": 5,
    "ppl_matrix": [
      [
        4.103,
        5.01,
        5.121,
        5.509,
        5.155
      ],
      [
        5.901,
        4.68,
        5.495,
        7.565,
        7.15
      ],
      [
        4.998,
        4.457,
        3.944,
        6.243,
        6.18
      ],
      [
        4.32,
        4.714,
        4.709,
        3.101,
        3.431
      ],
      [
        4.15,
        4.895,
        5.049,
        3.857,
        3.42
      ]
    ],
    "self_expert_per_domain": [
      0,
      1,
      2,
      3,
      4
    ],
    "per_domain": {
      "0": {
        "self_expert": 0,
        "self_ppl": 4.102823958431664,
        "other_mean_ppl": 5.198854476874386,
        "best_expert": 0,
        "best_is_self": true,
        "ratio_other_to_self": 1.267140518225327,
        "row_ppl": [
          4.102823958431664,
          5.009898798713437,
          5.121350299626953,
          5.509176683949182,
          5.15499212520797
        ]
      },
      "1": {
        "self_expert": 1,
        "self_ppl": 4.679714781791234,
        "other_mean_ppl": 6.527689342253073,
        "best_expert": 1,
        "best_is_self": true,
        "ratio_other_to_self": 1.3948904252994874,
        "row_ppl": [
          5.900833905284922,
          4.679714781791234,
          5.495092108085647,
          7.564862099059249,
          7.149969256582474
        ]
      },
      "2": {
        "self_expert": 2,
        "self_ppl": 3.9437012333693113,
        "other_mean_ppl": 5.469499902390629,
        "best_expert": 2,
        "best_is_self": true,
        "ratio_other_to_self": 1.3868950964416105,
        "row_ppl": [
          4.997595837121662,
          4.45716565710248,
          3.9437012333693113,
          6.2432610416776555,
          6.179977073660716
        ]
      },
      "3": {
        "self_expert": 3,
        "self_ppl": 3.100740823662447,
        "other_mean_ppl": 4.293534732603949,
        "best_expert": 3,
        "best_is_self": true,
        "ratio_other_to_self": 1.3846802995719683,
        "row_ppl": [
          4.320384877223156,
          4.713541465858919,
          4.709011899106882,
          3.100740823662447,
          3.4312006882268404
        ]
      },
      "4": {
        "self_expert": 4,
        "self_ppl": 3.4202712180827355,
        "other_mean_ppl": 4.487658127460934,
        "best_expert": 4,
        "best_is_self": true,
        "ratio_other_to_self": 1.3120766867068898,
        "row_ppl": [
          4.150323012151011,
          4.894677303413175,
          5.048581741919088,
          3.857050452360461,
          3.4202712180827355
        ]
      }
    },
    "summary": {
      "mean_self_ppl": 3.8494504030674777,
      "mean_other_ppl": 5.195447316316594,
      "specialization_gap_ratio": 1.3496595026075784,
      "frac_domains_best_is_self": 1.0
    }
  },
  "ours_unsup_alt": {
    "n_experts": 5,
    "n_domains": 5,
    "ppl_matrix": [
      [
        4.298,
        4.281,
        4.304,
        4.142,
        4.303
      ],
      [
        5.123,
        4.757,
        5.078,
        4.949,
        5.211
      ],
      [
        4.388,
        4.26,
        4.394,
        4.06,
        3.964
      ],
      [
        3.127,
        3.738,
        3.223,
        3.49,
        3.757
      ],
      [
        3.582,
        4.097,
        3.453,
        3.851,
        4.263
      ]
    ],
    "self_expert_per_domain": [
      3,
      1,
      4,
      0,
      2
    ],
    "per_domain": {
      "0": {
        "self_expert": 3,
        "self_ppl": 4.141612989474472,
        "other_mean_ppl": 4.296473393321305,
        "best_expert": 3,
        "best_is_self": true,
        "ratio_other_to_self": 1.0373913265774461,
        "row_ppl": [
          4.297501957259912,
          4.281397537389317,
          4.303649401676694,
          4.141612989474472,
          4.303344676959297
        ]
      },
      "1": {
        "self_expert": 1,
        "self_ppl": 4.7571136523613236,
        "other_mean_ppl": 5.090262176557105,
        "best_expert": 1,
        "best_is_self": true,
        "ratio_other_to_self": 1.0700316512367565,
        "row_ppl": [
          5.1232536179517325,
          4.7571136523613236,
          5.078177257839156,
          4.9486615923368475,
          5.2109562381006835
        ]
      },
      "2": {
        "self_expert": 4,
        "self_ppl": 3.964135897152919,
        "other_mean_ppl": 4.275245415150305,
        "best_expert": 4,
        "best_is_self": true,
        "ratio_other_to_self": 1.078481042544689,
        "row_ppl": [
          4.387878040179302,
          4.259680079329876,
          4.393542522938195,
          4.05988101815385,
          3.964135897152919
        ]
      },
      "3": {
        "self_expert": 0,
        "self_ppl": 3.1271031293792797,
        "other_mean_ppl": 3.5519594073806746,
        "best_expert": 0,
        "best_is_self": true,
        "ratio_other_to_self": 1.13586257325825,
        "row_ppl": [
          3.1271031293792797,
          3.73775035705183,
          3.223471053743326,
          3.4897531541262325,
          3.75686306460131
        ]
      },
      "4": {
        "self_expert": 2,
        "self_ppl": 3.453231395167648,
        "other_mean_ppl": 3.948239125418624,
        "best_expert": 2,
        "best_is_self": true,
        "ratio_other_to_self": 1.1433462382346216,
        "row_ppl": [
          3.582008013788009,
          4.096881399211058,
          3.453231395167648,
          3.8507457651834454,
          4.263321323491983
        ]
      }
    },
    "summary": {
      "mean_self_ppl": 3.8886394127071284,
      "mean_other_ppl": 4.232435903565603,
      "specialization_gap_ratio": 1.0884104835575732,
      "frac_domains_best_is_self": 1.0
    }
  },
  "ours_unsup_alt20k": {
    "n_experts": 5,
    "n_domains": 5,
    "ppl_matrix": [
      [
        4.05,
        4.04,
        4.039,
        3.892,
        4.075
      ],
      [
        4.891,
        4.451,
        4.809,
        4.655,
        4.928
      ],
      [
        4.193,
        4.107,
        4.174,
        3.911,
        3.812
      ],
      [
        2.987,
        3.433,
        3.076,
        3.361,
        3.584
      ],
      [
        3.359,
        3.765,
        3.241,
        3.638,
        4.095
      ]
    ],
    "self_expert_per_domain": [
      3,
      1,
      4,
      0,
      2
    ],
    "per_domain": {
      "0": {
        "self_expert": 3,
        "self_ppl": 3.8921714131503533,
        "other_mean_ppl": 4.051008508159691,
        "best_expert": 3,
        "best_is_self": true,
        "ratio_other_to_self": 1.0408093781462655,
        "row_ppl": [
          4.0502164660895685,
          4.039665583144448,
          4.038800024329163,
          3.8921714131503533,
          4.075351959075584
        ]
      },
      "1": {
        "self_expert": 1,
        "self_ppl": 4.451242358233237,
        "other_mean_ppl": 4.820906321281031,
        "best_expert": 1,
        "best_is_self": true,
        "ratio_other_to_self": 1.0830473681946446,
        "row_ppl": [
          4.891060857051206,
          4.451242358233237,
          4.809154367879567,
          4.6554764579397325,
          4.92793360225362
        ]
      },
      "2": {
        "self_expert": 4,
        "self_ppl": 3.8117519104842144,
        "other_mean_ppl": 4.096501599364049,
        "best_expert": 4,
        "best_is_self": true,
        "ratio_other_to_self": 1.0747031012424055,
        "row_ppl": [
          4.193324948205664,
          4.107443266959834,
          4.173758846957021,
          3.9114793353336776,
          3.8117519104842144
        ]
      },
      "3": {
        "self_expert": 0,
        "self_ppl": 2.9868810620119683,
        "other_mean_ppl": 3.36365589045144,
        "best_expert": 0,
        "best_is_self": true,
        "ratio_other_to_self": 1.1261432312224966,