{
  "ours_unsup_alt": {
    "n_experts": 5,
    "n_domains": 5,
    "ppl_matrix": [
      [
        4.155,
        4.131,
        4.148,
        3.991,
        4.149
      ],
      [
        4.945,
        4.543,
        4.879,
        4.747,
        5.025
      ],
      [
        4.229,
        4.177,
        4.222,
        3.972,
        3.867
      ],
      [
        3.033,
        3.696,
        3.119,
        3.452,
        3.682
      ],
      [
        3.452,
        4.017,
        3.328,
        3.741,
        4.175
      ]
    ],
    "self_expert_per_domain": [
      3,
      1,
      4,
      0,
      2
    ],
    "per_domain": {
      "0": {
        "self_expert": 3,
        "self_ppl": 3.9905808108656466,
        "other_mean_ppl": 4.145665592135843,
        "best_expert": 3,
        "best_is_self": true,
        "ratio_other_to_self": 1.0388627091194162,
        "row_ppl": [
          4.154557737422637,
          4.130998440814955,
          4.148160184479002,
          3.9905808108656466,
          4.148946005826777
        ]
      },
      "1": {
        "self_expert": 1,
        "self_ppl": 4.542810536106973,
        "other_mean_ppl": 4.899154455957354,
        "best_expert": 1,
        "best_is_self": true,
        "ratio_other_to_self": 1.0784412902581129,
        "row_ppl": [
          4.945369607863383,
          4.542810536106973,
          4.879269261649544,
          4.746686793023945,
          5.025292161292543
        ]
      },
      "2": {
        "self_expert": 4,
        "self_ppl": 3.867245649642035,
        "other_mean_ppl": 4.150201042734471,
        "best_expert": 4,
        "best_is_self": true,
        "ratio_other_to_self": 1.0731671630734467,
        "row_ppl": [
          4.229306428824946,
          4.176780781845047,
          4.222432623126088,
          3.972284337141804,
          3.867245649642035
        ]
      },
      "3": {
        "self_expert": 0,
        "self_ppl": 3.0328869249427535,
        "other_mean_ppl": 3.487266369290947,
        "best_expert": 0,
        "best_is_self": true,
        "ratio_other_to_self": 1.1498174694913066,
        "row_ppl": [
          3.0328869249427535,
          3.6961116156303087,
          3.1189385634148663,
          3.451904346331918,
          3.6821109517866946
        ]
      },
      "4": {
        "self_expert": 2,
        "self_ppl": 3.32753132995782,
        "other_mean_ppl": 3.8464473399206947,
        "best_expert": 2,
        "best_is_self": true,
        "ratio_other_to_self": 1.155946243177657,
        "row_ppl": [
          3.4524769334711607,
          4.01673336427553,
          3.32753132995782,
          3.7412816396625153,
          4.175297422273572
        ]
      }
    },
    "summary": {
      "mean_self_ppl": 3.7522110503030452,
      "mean_other_ppl": 4.1057469600078615,
      "specialization_gap_ratio": 1.094220688805941,
      "frac_domains_best_is_self": 1.0
    }
  },
  "ours_unsup_seq": {
    "n_experts": 5,
    "n_domains": 5,
    "ppl_matrix": [
      [
        3.968,
        3.947,
        3.962,
        3.901,
        3.983
      ],
      [
        4.598,
        4.475,
        4.58,
        4.523,
        4.612
      ],
      [
        3.901,
        3.856,
        3.894,
        3.831,
        3.784
      ],
      [
        2.995,
        3.267,
        3.031,
        3.176,
        3.267
      ],
      [
        3.323,
        3.603,
        3.273,
        3.507,
        3.661
      ]
    ],
    "self_expert_per_domain": [
      3,
      1,
      4,
      0,
      2
    ],
    "per_domain": {
      "0": {
        "self_expert": 3,
        "self_ppl": 3.9005696433685593,
        "other_mean_ppl": 3.964779934931075,
        "best_expert": 3,
        "best_is_self": true,
        "ratio_other_to_self": 1.016461772877631,
        "row_ppl": [
          3.9675568643943,
          3.946779811562632,
          3.961930837370484,
          3.9005696433685593,
          3.9828522263968833
        ]
      },
      "1": {
        "self_expert": 1,
        "self_ppl": 4.475467830892578,
        "other_mean_ppl": 4.578163627704653,
        "best_expert": 1,
        "best_is_self": true,
        "ratio_other_to_self": 1.02294638252189,
        "row_ppl": [
          4.597528850690298,
          4.475467830892578,
          4.580167807097345,
          4.523221035500329,
          4.6117368175306375
        ]
      },
      "2": {
        "self_expert": 4,
        "self_ppl": 3.7839062187268606,
        "other_mean_ppl": 3.8704701710524403,
        "best_expert": 4,
        "best_is_self": true,
        "ratio_other_to_self": 1.022876875726245,
        "row_ppl": [
          3.90068884521957,
          3.856466059746253,
          3.8936015518820173,
          3.8311242273619204,
          3.7839062187268606
        ]
      },
      "3": {
        "self_expert": 0,
        "self_ppl": 2.9945585371971206,
        "other_mean_ppl": 3.1852897278404795,
        "best_expert": 0,
        "best_is_self": true,
        "ratio_other_to_self": 1.0636925905017978,
        "row_ppl": [
          2.9945585371971206,
          3.2667970867690537,
          3.0311334608821547,
          3.175942299511318,
          3.26728606419939
        ]
      },
      "4": {
        "self_expert": 2,
        "self_ppl": 3.272770007938491,
        "other_mean_ppl": 3.5233964630494734,
        "best_expert": 2,
        "best_is_self": true,
        "ratio_other_to_self": 1.0765793057572204,
        "row_ppl": [
          3.3231477657901545,
          3.6028641792416614,
          3.272770007938491,
          3.506808674049036,
          3.660765233117041
        ]
      }
    },
    "summary": {
      "mean_self_ppl": 3.685454447624722,
      "mean_other_ppl": 3.824419984915624,
      "specialization_gap_ratio": 1.0377064862056469,
      "frac_domains_best_is_self": 1.0
    }
  },
  "ours_sup_alt": {
    "n_experts": 5,
    "n_domains": 5,
    "ppl_matrix": [
      [
        3.897,
        4.913,
        4.956,
        4.924,
        4.744
      ],
      [
        5.713,
        4.39,
        5.182,
        6.598,
        6.337
      ],
      [
        4.9,
        4.342,
        3.788,
        5.718,
        5.678
      ],
      [
        3.907,
        4.637,
        4.455,
        2.974,
        3.195
      ],
      [
        3.858,
        4.782,
        4.887,
        3.637,
        3.249
      ]
    ],
    "self_expert_per_domain": [
      0,
      1,
      2,
      3,
      4
    ],
    "per_domain": {
      "0": {
        "self_expert": 0,
        "self_ppl": 3.8969528554411896,
        "other_mean_ppl": 4.8841440656680275,
        "best_expert": 0,
        "best_is_self": true,
        "ratio_other_to_self": 1.2533238781291527,
        "row_ppl": [
          3.8969528554411896,
          4.912824703921615,
          4.955549040419654,
          4.92423981407089,
          4.743962704259951
        ]
      },
      "1": {
        "self_expert": 1,
        "self_ppl": 4.390314284770308,
        "other_mean_ppl": 5.957756262324771,
        "best_expert": 1,
        "best_is_self": true,
        "ratio_other_to_self": 1.357022726822043,
        "row_ppl": [
          5.712820463210329,
          4.390314284770308,
          5.18240358581452,
          6.598470883893635,
          6.337330116380596
        ]
      },
      "2": {
        "self_expert": 2,
        "self_ppl": 3.7875245582375014,
        "other_mean_ppl": 5.159364044094511,
        "best_expert": 2,
        "best_is_self": true,
        "ratio_other_to_self": 1.3621994959407961,
        "row_ppl": [
          4.89964999013584,
          4.342261812039097,
          3.7875245582375014,
          5.717718377128032,
          5.677825997075075
        ]
      },
      "3": {
        "self_expert": 3,
        "self_ppl": 2.974351799604705,
        "other_mean_ppl": 4.048476352506487,
        "best_expert": 3,
        "best_is_self": true,
        "ratio_other_to_self": 1.361128953557052,