method,macro_ppl,micro_ppl,routing_nmi,routing_acc,util_entropy,separation,swap_ratio,added_params,trainable_params,active_params,total_params
dense_1x,3.7377282391571014,3.4783520979799687,0.8179995949134496,0.9283106538333886,0.9302487897442057,nan,nan,0,2588416,2588416,2588416
dense_5x,3.2877529239880183,3.094017448003542,0.8179995949134496,0.9283106538333886,0.9302487897442057,nan,nan,0,5740288,5740288,5740288
hard_moe,3.766393473104287,3.49414003838673,0.8179995949134496,0.9283106538333886,0.9302487897442057,nan,nan,3165696,5754112,2596096,5754112
hard_moe_oracle,3.5614288120975295,3.318241136533598,0.8179995949134496,0.9283106538333886,0.9302487897442057,nan,nan,3165696,5754112,2596096,5754112
ours_alt,3.7706359545077435,3.517597485687546,0.7661545897162371,0.9004314636574843,0.9201807344265215,1.2499986588954926,1.0396860438792723,68357,2656773,2655749,2656773
ours_seq,3.742183811982153,3.4822169645413563,0.7371698593266435,0.8752074344507136,0.9039836819378785,1.2499522268772125,1.008865606353894,68357,68357,2655749,2656773
