method,macro_ppl,micro_ppl,routing_nmi,routing_acc,util_entropy,separation,swap_ratio,added_params,trainable_params,active_params,total_params
dense_1x,3.7377282391571014,3.4783520979799687,0.8179995949134496,0.9283106538333886,0.9302487897442057,nan,nan,0,2588416,2588416,2588416
dense_5x,3.2877529239880183,3.094017448003542,0.8179995949134496,0.9283106538333886,0.9302487897442057,nan,nan,0,5740288,5740288,5740288
hard_moe,3.766393473104287,3.49414003838673,0.8179995949134496,0.9283106538333886,0.9302487897442057,nan,nan,3165696,5754112,2596096,5754112
hard_moe_oracle,3.5614288120975295,3.318241136533598,0.8179995949134496,0.9283106538333886,0.9302487897442057,nan,nan,3165696,5754112,2596096,5754112
ours_sup_alt,3.6595384210731496,3.4220499960904402,1.0,1.0,0.9188681216292843,1.249998852610588,1.2604075462581747,1280,2589696,2588672,2589696
ours_sup_seq,3.7382566391752334,3.476915148487589,1.0,1.0,0.9188681216292843,1.2499961405992508,1.003533468824736,1280,1280,2588672,2589696
ours_unsup_alt,3.761663092822644,3.508227536919397,0.7661545897162371,0.9004314636574843,0.9201807344265215,1.2499991357326508,1.038023840143921,68357,2656773,2655749,2656773
ours_unsup_seq,3.7415799785621338,3.4818358061870693,0.7371698593266435,0.8752074344507136,0.9039836819378785,1.2499522417783737,1.00911320707811,68357,68357,2655749,2656773
