{"run": "em", "probe_acc": 1.0, "chance": 0.125, "fisher_ratio": 1.4605926275253296, "silhouette": 0.2577531933784485, "names": ["pirate", "bard", "professor", "teen", "detective", "child", "coach", "robot"], "proj2d": [[13.876215934753418, -14.80200481414795, 1], [-16.505348205566406, -16.436702728271484, 0], [-6.43222713470459, 6.1903157234191895, 5], [8.023462295532227, 5.22451114654541, 7], [-13.251347541809082, -14.368550300598145, 0], [8.35893726348877, 5.5438127517700195, 7], [4.974398612976074, 0.09825332462787628, 3], [15.320612907409668, -15.021306037902832, 1], [-13.464771270751953, 9.964556694030762, 6], [0.6234128475189209, 4.637906074523926, 3], [14.816765785217285, -15.181660652160645, 1], [1.1871693134307861, 4.9770636558532715, 3], [-5.198054313659668, 6.492399215698242, 5], [-13.987540245056152, 10.433013916015625, 6], [15.495447158813477, 7.811010360717773, 2], [-5.255692958831787, -0.6645501255989075, 4], [8.31423282623291, 5.366245746612549, 7], [16.311988830566406, 5.933148384094238, 2], [-0.38004472851753235, 4.471868991851807, 3], [-11.766766548156738, 9.156028747558594, 6], [16.701759338378906, 8.261100769042969, 2], [-5.293637752532959, -0.05157148838043213, 4], [8.456964492797852, 5.362363815307617, 7], [8.902356147766113, 5.888822078704834, 7], [8.35596752166748, 5.601402759552002, 7], [-5.190539836883545, -0.7511340379714966, 4], [8.654033660888672, 5.585666656494141, 7], [-11.903544425964355, 9.992032051086426, 6], [-11.043224334716797, 9.139439582824707, 6], [14.946526527404785, -15.288980484008789, 1], [-5.607884407043457, -0.9379783868789673, 4], [-14.682366371154785, -18.249738693237305, 0], [-14.183544158935547, -13.472038269042969, 0], [15.338302612304688, 6.999063491821289, 2], [-15.050374984741211, -18.07558822631836, 0], [14.252718925476074, 6.195464134216309, 2], [-14.403912544250488, -16.304887771606445, 0], [15.435388565063477, -17.118684768676758, 1], [-12.888577461242676, 7.984785079956055, 6], [-4.558969020843506, -0.34192711114883423, 4], [14.525694847106934, 6.612016677856445, 2], [-5.167984962463379, -0.12613773345947266, 4], [14.567154884338379, -14.593827247619629, 1], [-15.944746017456055, -17.065462112426758, 0], [-6.609894752502441, 5.736926555633545, 5], [-11.706103324890137, 8.770536422729492, 6], [-14.193840980529785, -18.97506332397461, 0], [8.4100980758667, 5.8383636474609375, 7], [14.601907730102539, 7.127997398376465, 2], [-4.749812126159668, -0.4012479782104492, 4], [8.706406593322754, 5.430947780609131, 7], [8.422656059265137, 5.4208664894104, 7], [15.966960906982422, -15.610284805297852, 1], [-6.159787178039551, 6.223141670227051, 5], [-7.169450283050537, 6.598282814025879, 5], [-1.7233301401138306, 5.021012306213379, 3], [-10.827170372009277, 10.756999015808105, 6], [-4.705959796905518, 0.1511615812778473, 4], [-13.60647201538086, -16.433490753173828, 0], [0.040692925453186035, 2.231710910797119, 3], [-11.225038528442383, 8.225946426391602, 6], [-14.231328964233398, -14.921202659606934, 0], [-0.39367562532424927, 3.3759477138519287, 3], [-11.823159217834473, 9.63174819946289, 6], [-14.497415542602539, -17.384685516357422, 0], [-13.779521942138672, -14.63101577758789, 0], [14.215084075927734, -13.91804313659668, 1], [-11.212553024291992, 10.312552452087402, 6], [-7.049668788909912, 5.684910297393799, 5], [-8.18594741821289, 7.107456684112549, 5], [-11.695297241210938, 8.371692657470703, 6], [-6.926046371459961, 6.439301013946533, 5], [-2.4103920459747314, 1.1484174728393555, 3], [-11.869873046875, 9.965936660766602, 6], [-14.347434997558594, -15.847155570983887, 0], [-3.903745651245117, -0.33714956045150757, 4], [7.91093111038208, 4.905163764953613, 7], [-5.812119960784912, -0.33311107754707336, 4], [14.529876708984375, 5.21930456161499, 2], [-7.1471662521362305, 5.595217704772949, 5], [-15.744868278503418, -18.679582595825195, 0], [8.556809425354004, 5.337423801422119, 7], [-9.49839973449707, 11.909940719604492, 6], [8.608572959899902, 5.297052383422852, 7], [15.84715461730957, -16.63382911682129, 1], [-6.750044822692871, 6.242640972137451, 5], [8.004563331604004, 4.882303714752197, 7], [16.93195152282715, 8.307869911193848, 2], [-6.6070556640625, 6.60375452041626, 5], [8.110679626464844, 5.315939903259277, 7], [15.985248565673828, -16.434371948242188, 1], [-6.793449401855469, 6.760254859924316, 5], [8.276412010192871, 5.085893154144287, 7], [-14.118768692016602, -17.96984100341797, 0], [-6.942806243896484, 7.342953205108643, 5], [13.608905792236328, 6.483975410461426, 2], [15.79055404663086, -15.035096168518066, 1], [16.50082015991211, -16.351736068725586, 1], [15.016504287719727, 7.4503021240234375, 2], [-7.736677646636963, 6.024075984954834, 5], [-0.46830129623413086, 3.7439188957214355, 3], [-0.9131166934967041, 3.8094828128814697, 3], [14.162500381469727, -16.478757858276367, 1], [-6.798859119415283, 6.152971267700195, 5], [-14.791901588439941, -16.834983825683594, 0], [15.783674240112305, -11.590856552124023, 1], [-6.291207313537598, 6.9376749992370605, 5], [8.301250457763672, 5.838761806488037, 7], [-6.684393405914307, 6.26831579208374, 5], [-15.010601043701172, -15.62380313873291, 0], [7.9419450759887695, 5.257461071014404, 7], [-4.427101135253906, -0.1845722645521164, 4], [-5.1312971115112305, -0.8204598426818848, 4], [-4.863284111022949, -0.7334312200546265, 4], [16.9172420501709, -15.09840202331543, 1], [-5.922954082489014, 7.315667152404785, 5], [-1.1980886459350586, 4.962821006774902, 3], [-6.276887893676758, 6.062349319458008, 5], [17.367462158203125, -14.743157386779785, 1], [-7.186994552612305, 6.985199451446533, 5], [-0.1472366750240326, 4.194952487945557, 3], [-1.9682552814483643, 2.6327321529388428, 3], [-4.385854721069336, 0.04756742715835571, 4], [-15.098296165466309, -17.715370178222656, 0], [-14.042670249938965, 8.641282081604004, 6], [-1.0760005712509155, 4.433662414550781, 3], [-11.666861534118652, 9.108283996582031, 6], [14.625191688537598, 6.839942455291748, 2], [15.368695259094238, 6.408377170562744, 2], [-0.38292741775512695, 3.0979115962982178, 3], [14.01345443725586, -15.076066017150879, 1], [-11.268045425415039, 10.467565536499023, 6], [15.419122695922852, 6.549129009246826, 2], [16.20846176147461, -14.45893669128418, 1], [7.8831939697265625, 5.485480785369873, 7], [8.542993545532227, 5.4250664710998535, 7], [15.655220031738281, -14.466212272644043, 1], [-0.04124775901436806, 3.465742826461792, 3], [-3.875870943069458, -0.7006809711456299, 4], [-0.6385737657546997, 3.9578676223754883, 3], [-0.5623658895492554, 3.1262707710266113, 3], [-5.4500932693481445, -0.3616951107978821, 4], [-15.848201751708984, -14.281167984008789, 0], [-11.386835098266602, 8.725292205810547, 6], [14.954503059387207, 6.972174644470215, 2], [-4.589774131774902, 5.605759620666504, 3], [14.043505668640137, 5.678066730499268, 2], [-4.204233646392822, 0.29031893610954285, 4], [-6.363893032073975, -1.0208951234817505, 4], [15.237017631530762, 6.873048305511475, 2], [-13.469867706298828, 10.90838623046875, 6], [-4.618168354034424, 0.41904518008232117, 4], [14.654088020324707, 7.467714786529541, 2], [13.890520095825195, 6.669472694396973, 2], [-15.748849868774414, -15.757062911987305, 0], [14.879803657531738, -14.573450088500977, 1], [-11.76059627532959, 9.467389106750488, 6], [1.6408724784851074, 4.685186862945557, 3], [14.926665306091309, 7.0407586097717285, 2], [-5.024590969085693, -1.0076930522918701, 4]]}