{"run": "frozen", "probe_acc": 1.0, "chance": 0.125, "fisher_ratio": 1.6559500694274902, "silhouette": 0.3388933539390564, "names": ["pirate", "bard", "professor", "teen", "detective", "child", "coach", "robot"], "proj2d": [[7.432643413543701, 11.102279663085938, 1], [-22.937713623046875, 12.260902404785156, 0], [-3.7122764587402344, -4.3963704109191895, 5], [4.76740026473999, -0.37314265966415405, 7], [-17.862884521484375, 9.772285461425781, 0], [5.307997226715088, -0.8822662830352783, 7], [2.2883260250091553, -18.384435653686523, 3], [8.6380033493042, 12.495506286621094, 1], [-9.41355037689209, -9.80617904663086, 6], [2.1422994136810303, -15.999577522277832, 3], [7.586988925933838, 13.075631141662598, 1], [4.444231033325195, -17.776430130004883, 3], [-2.167175769805908, -4.369807243347168, 5], [-9.190049171447754, -8.310462951660156, 6], [15.49489974975586, 6.310247421264648, 2], [-0.8587804436683655, -1.40986967086792, 4], [4.734302043914795, -0.022847294807434082, 7], [16.723094940185547, 8.190166473388672, 2], [3.9801816940307617, -16.53636932373047, 3], [-7.707080841064453, -7.7675557136535645, 6], [17.863460540771484, 8.188104629516602, 2], [-0.3543752431869507, -2.0296928882598877, 4], [5.197985649108887, -0.40520307421684265, 7], [5.468073844909668, -0.1667957305908203, 7], [5.052250385284424, -0.3230487108230591, 7], [0.3905499279499054, -0.9690218567848206, 4], [5.6892547607421875, 0.03430260717868805, 7], [-8.725621223449707, -8.891397476196289, 6], [-7.182133674621582, -7.401984691619873, 6], [8.921405792236328, 12.567255973815918, 1], [-0.9080724716186523, -1.675824761390686, 4], [-20.804067611694336, 14.35399055480957, 0], [-18.2645320892334, 10.849081039428711, 0], [15.727241516113281, 6.967981338500977, 2], [-20.025854110717773, 10.906672477722168, 0], [14.574843406677246, 7.246315002441406, 2], [-19.825695037841797, 12.17557430267334, 0], [7.850040912628174, 15.396444320678711, 1], [-9.109530448913574, -7.913992404937744, 6], [-0.1863880157470703, -2.4745452404022217, 4], [14.901313781738281, 6.683181285858154, 2], [-0.2812574505805969, -1.7420375347137451, 4], [7.343798637390137, 14.288864135742188, 1], [-21.007518768310547, 11.74550724029541, 0], [-4.027562618255615, -4.63425874710083, 5], [-7.6217942237854, -7.596264362335205, 6], [-21.322410583496094, 15.451295852661133, 0], [5.223124027252197, -0.7565712928771973, 7], [15.119033813476562, 6.380615234375, 2], [-0.3313245475292206, -1.8317582607269287, 4], [5.19075345993042, -0.08209173381328583, 7], [5.060563087463379, -0.5074621438980103, 7], [9.745126724243164, 13.9065523147583, 1], [-3.7790863513946533, -4.774964809417725, 5], [-4.073163986206055, -4.657297134399414, 5], [4.372039318084717, -17.146991729736328, 3], [-7.62652587890625, -7.6632490158081055, 6], [0.18345485627651215, -2.4007930755615234, 4], [-19.178041458129883, 12.14161491394043, 0], [2.6736257076263428, -14.671611785888672, 3], [-6.071950435638428, -9.683805465698242, 6], [-19.930267333984375, 10.734648704528809, 0], [3.214857816696167, -18.010374069213867, 3], [-7.683836460113525, -8.302894592285156, 6], [-19.45676040649414, 12.369047164916992, 0], [-18.04413604736328, 11.141515731811523, 0], [8.235769271850586, 12.229251861572266, 1], [-7.023677825927734, -7.865438461303711, 6], [-4.028698921203613, -3.7052690982818604, 5], [-5.343634605407715, -4.8057355880737305, 5], [-7.330069065093994, -6.136604309082031, 6], [-3.6142358779907227, -4.615289688110352, 5], [2.313354969024658, -16.21521759033203, 3], [-7.2359442710876465, -9.884812355041504, 6], [-19.282398223876953, 11.701979637145996, 0], [0.3103787899017334, -1.219903588294983, 4], [4.544655799865723, 0.17240296304225922, 7], [-0.2094898521900177, -1.362873911857605, 4], [14.266602516174316, 7.070768356323242, 2], [-3.888314723968506, -4.92410945892334, 5], [-22.70465660095215, 13.27322006225586, 0], [5.132584095001221, -0.38944530487060547, 7], [-6.38112735748291, -7.661208152770996, 6], [4.997315883636475, 0.07350581884384155, 7], [8.250476837158203, 12.294092178344727, 1], [-3.5573019981384277, -4.722696781158447, 5], [4.3347625732421875, -0.23400962352752686, 7], [18.149173736572266, 8.171453475952148, 2], [-3.4560046195983887, -4.393216133117676, 5], [4.763360977172852, -1.0672229528427124, 7], [9.134170532226562, 12.850257873535156, 1], [-4.962385654449463, -5.428773403167725, 5], [4.608621597290039, 0.028790324926376343, 7], [-20.04474449157715, 13.11430835723877, 0], [-3.304328203201294, -4.602024078369141, 5], [14.28115463256836, 4.754339218139648, 2], [9.896967887878418, 16.008913040161133, 1], [9.633411407470703, 13.846345901489258, 1], [15.041708946228027, 6.645193099975586, 2], [-4.150441646575928, -5.18996000289917, 5], [3.526784896850586, -16.163835525512695, 3], [3.5097713470458984, -17.052471160888672, 3], [7.820896625518799, 13.323945045471191, 1], [-3.7492146492004395, -5.016898155212402, 5], [-21.961748123168945, 13.508241653442383, 0], [10.132354736328125, 12.026053428649902, 1], [-3.6477060317993164, -5.000042915344238, 5], [4.538678169250488, -0.6749506592750549, 7], [-4.016135215759277, -5.086679458618164, 5], [-18.245845794677734, 11.831655502319336, 0], [4.268965244293213, -0.3703291714191437, 7], [-0.05936974287033081, -1.2632873058319092, 4], [0.026562731713056564, -1.0367565155029297, 4], [-0.5342609286308289, -1.625334620475769, 4], [9.590998649597168, 14.26596736907959, 1], [-2.69766902923584, -4.771884918212891, 5], [2.924950122833252, -15.382070541381836, 3], [-3.607395648956299, -4.572535991668701, 5], [10.20600414276123, 12.7866849899292, 1], [-3.5897397994995117, -4.673159122467041, 5], [4.547823429107666, -19.124759674072266, 3], [1.4072719812393188, -13.877726554870605, 3], [-0.3933848738670349, -1.8472342491149902, 4], [-21.639266967773438, 10.887033462524414, 0], [-9.26563835144043, -7.269036293029785, 6], [2.988797187805176, -16.405254364013672, 3], [-7.916779518127441, -8.706293106079102, 6], [14.175607681274414, 6.083050727844238, 2], [14.555211067199707, 5.751692771911621, 2], [2.8124139308929443, -17.50802230834961, 3], [7.478096008300781, 12.861302375793457, 1], [-7.15861177444458, -8.358125686645508, 6], [15.930781364440918, 7.402497291564941, 2], [10.762876510620117, 12.398260116577148, 1], [4.763355255126953, -0.7340028285980225, 7], [5.027903079986572, -0.5184445977210999, 7], [8.687675476074219, 13.278419494628906, 1], [2.1486401557922363, -19.598873138427734, 3], [0.049324214458465576, -2.134761333465576, 4], [3.84783935546875, -16.531686782836914, 3], [3.617567539215088, -17.532428741455078, 3], [-0.7421345710754395, -2.4495315551757812, 4], [-20.26275634765625, 9.211715698242188, 0], [-6.486871719360352, -7.0314040184021, 6], [15.389469146728516, 6.770137786865234, 2], [3.660627603530884, -15.686646461486816, 3], [12.595914840698242, 5.326166152954102, 2], [0.3310301899909973, -2.000659465789795, 4], [-1.1447217464447021, -1.3794697523117065, 4], [15.887055397033691, 6.520017623901367, 2], [-9.855731010437012, -8.827749252319336, 6], [-1.0028047561645508, -1.5299546718597412, 4], [15.000205993652344, 6.870581150054932, 2], [14.363045692443848, 5.019845485687256, 2], [-22.608015060424805, 11.943449020385742, 0], [7.9010772705078125, 12.676471710205078, 1], [-6.791006088256836, -7.33900260925293, 6], [3.0394904613494873, -18.220500946044922, 3], [15.377384185791016, 5.806827068328857, 2], [-0.5243809223175049, -1.0455538034439087, 4]]}