{"run": "sft", "probe_acc": 1.0, "chance": 0.125, "fisher_ratio": 1.5989431142807007, "silhouette": 0.32817691564559937, "names": ["pirate", "bard", "professor", "teen", "detective", "child", "coach", "robot"], "proj2d": [[-18.551225662231445, 1.7972102165222168, 1], [-2.4605374336242676, 20.75738525390625, 0], [10.31753921508789, -0.32283055782318115, 5], [0.2967129349708557, -4.270875453948975, 7], [-3.4913668632507324, 17.69580078125, 0], [0.4285765290260315, -4.568402290344238, 7], [12.498233795166016, -6.957961082458496, 3], [-19.354001998901367, 0.8586671352386475, 1], [15.700315475463867, 3.689650535583496, 6], [9.906534194946289, -5.795781135559082, 3], [-17.664281845092773, 0.41186851263046265, 1], [10.594438552856445, -7.344389915466309, 3], [10.494834899902344, -1.842660903930664, 5], [14.26152229309082, 2.8730618953704834, 6], [-9.056599617004395, -16.04756736755371, 2], [-1.8343137502670288, 3.5488383769989014, 4], [0.07838506251573563, -3.9718308448791504, 7], [-11.27319622039795, -15.078254699707031, 2], [9.641366958618164, -8.137007713317871, 3], [13.396793365478516, 2.6605377197265625, 6], [-10.785111427307129, -17.050315856933594, 2], [-1.9093776941299438, 3.3938634395599365, 4], [0.07122188806533813, -4.77055025100708, 7], [0.37673020362854004, -4.542137622833252, 7], [-0.1004129946231842, -4.165952682495117, 7], [-2.5189812183380127, 3.6982593536376953, 4], [-0.45858508348464966, -4.243261337280273, 7], [14.589688301086426, 3.2582573890686035, 6], [14.24799633026123, 2.6889536380767822, 6], [-20.87640380859375, 1.221206784248352, 1], [-1.9202923774719238, 3.8488733768463135, 4], [-4.948173522949219, 20.461769104003906, 0], [-2.371706962585449, 15.890388488769531, 0], [-10.266916275024414, -15.268271446228027, 2], [-4.361912250518799, 20.67540740966797, 0], [-9.621600151062012, -14.137359619140625, 2], [-3.5013468265533447, 19.416940689086914, 0], [-21.838682174682617, 2.5206165313720703, 1], [13.513237953186035, 3.659298896789551, 6], [-1.8130016326904297, 3.2387800216674805, 4], [-9.424906730651855, -14.605489730834961, 2], [-1.7556233406066895, 3.471137046813965, 4], [-18.665969848632812, 0.6890677213668823, 1], [-1.923980951309204, 19.625062942504883, 0], [10.221319198608398, 0.20000988245010376, 5], [13.409671783447266, 2.605477809906006, 6], [-5.169857025146484, 21.413509368896484, 0], [0.17945584654808044, -4.6539201736450195, 7], [-8.658746719360352, -14.962661743164062, 2], [-2.000279426574707, 3.196446418762207, 4], [-0.16428810358047485, -4.296314716339111, 7], [0.2652282118797302, -4.359457015991211, 7], [-22.850923538208008, 2.206937551498413, 1], [10.033249855041504, -1.192446231842041, 5], [10.878704071044922, -0.7034738659858704, 5], [9.342506408691406, -8.567438125610352, 3], [13.497145652770996, 2.4071435928344727, 6], [-2.0761771202087402, 2.67842435836792, 4], [-3.6246933937072754, 18.803939819335938, 0], [10.003830909729004, -6.350584506988525, 3], [13.988887786865234, 1.557755470275879, 6], [-1.586735486984253, 18.10793685913086, 0], [10.481111526489258, -7.307748794555664, 3], [13.859699249267578, 2.7562336921691895, 6], [-4.6626482009887695, 19.671934127807617, 0], [-5.70377779006958, 18.915950775146484, 0], [-19.046987533569336, 1.394437313079834, 1], [14.006368637084961, 1.931290626525879, 6], [9.466150283813477, 0.16561219096183777, 5], [11.305455207824707, 0.11554726958274841, 5], [12.360265731811523, 3.473409414291382, 6], [10.850847244262695, -0.3001471757888794, 5], [11.337265968322754, -6.966029644012451, 3], [14.628945350646973, 1.5796388387680054, 6], [-2.77217698097229, 17.661041259765625, 0], [-2.213209390640259, 2.711003541946411, 4], [0.21565008163452148, -3.4666261672973633, 7], [-2.2339000701904297, 3.3199610710144043, 4], [-9.26494026184082, -13.020270347595215, 2], [10.355886459350586, -0.49893802404403687, 5], [-0.7049526572227478, 22.21100425720215, 0], [0.05441230535507202, -4.240535259246826, 7], [14.48072338104248, 0.7879190444946289, 6], [0.12889719009399414, -4.0486531257629395, 7], [-21.03394889831543, 3.136625289916992, 1], [10.040750503540039, -2.173184394836426, 5], [0.14331671595573425, -3.5200278759002686, 7], [-11.595956802368164, -17.76877212524414, 2], [9.894357681274414, -1.0258479118347168, 5], [0.8479211330413818, -4.613446235656738, 7], [-22.87271499633789, 2.902329921722412, 1], [11.23457145690918, -0.08931145071983337, 5], [-0.07105432450771332, -3.654956817626953, 7], [-3.674971580505371, 20.08818817138672, 0], [11.073978424072266, -1.2431269884109497, 5], [-7.72434663772583, -14.654258728027344, 2], [-21.833391189575195, 2.1107890605926514, 1], [-20.951940536499023, 1.4596030712127686, 1], [-9.4610013961792, -15.298065185546875, 2], [11.456964492797852, 0.7122335433959961, 5], [9.519508361816406, -7.512373447418213, 3], [10.13844108581543, -7.421422004699707, 3], [-20.512659072875977, 2.817723512649536, 1], [10.41792106628418, -0.10203605890274048, 5], [-3.106924533843994, 19.989580154418945, 0], [-18.973770141601562, -0.660276472568512, 1], [10.506340026855469, -0.8874652981758118, 5], [1.2517231702804565, -4.4925127029418945, 7], [10.768936157226562, -0.6441354751586914, 5], [-4.315411567687988, 19.161592483520508, 0], [0.5178160071372986, -3.49161696434021, 7], [-2.914435863494873, 3.479536533355713, 4], [-2.8903961181640625, 3.5560317039489746, 4], [-2.0021328926086426, 3.7913806438446045, 4], [-21.547866821289062, 1.048801064491272, 1], [9.295745849609375, -2.008380889892578, 5], [9.191675186157227, -5.542032241821289, 3], [10.233099937438965, -1.696122169494629, 5], [-20.586700439453125, -0.05299397557973862, 1], [10.603130340576172, -1.4797660112380981, 5], [10.220979690551758, -9.446447372436523, 3], [10.03697681427002, -4.964804172515869, 3], [-1.8117702007293701, 3.383190631866455, 4], [-2.8010611534118652, 20.57225227355957, 0], [12.659481048583984, 3.6781089305877686, 6], [10.195035934448242, -7.234994411468506, 3], [14.339790344238281, 4.225057125091553, 6], [-9.186263084411621, -13.30473518371582, 2], [-8.390471458435059, -14.405496597290039, 2], [10.683765411376953, -6.1415581703186035, 3], [-19.190832138061523, 2.743809461593628, 1], [14.271583557128906, 2.6133456230163574, 6], [-10.931035995483398, -15.28087043762207, 2], [-20.395193099975586, -0.30530667304992676, 1], [0.5241082906723022, -4.540193557739258, 7], [0.3173128068447113, -4.592238426208496, 7], [-18.9930419921875, 0.36088648438453674, 1], [11.886054992675781, -6.680686950683594, 3], [-2.0747623443603516, 2.6822707653045654, 4], [10.845093727111816, -8.35172176361084, 3], [11.157782554626465, -7.832712173461914, 3], [-1.6550664901733398, 3.7936596870422363, 4], [-1.555793046951294, 19.331438064575195, 0], [12.387899398803711, 1.8149793148040771, 6], [-9.57853889465332, -14.50990104675293, 2], [8.644564628601074, -7.833734512329102, 3], [-7.635228157043457, -12.12932014465332, 2], [-1.8254337310791016, 2.6297621726989746, 4], [-2.0529985427856445, 4.662385940551758, 4], [-9.117789268493652, -15.987508773803711, 2], [14.528387069702148, 3.5548291206359863, 6], [-1.4628548622131348, 3.39675235748291, 4], [-10.45286750793457, -15.087890625, 2], [-9.222566604614258, -14.92772388458252, 2], [0.6046092510223389, 19.001707077026367, 0], [-19.872169494628906, 1.8148996829986572, 1], [13.796741485595703, 3.0330283641815186, 6], [11.012643814086914, -7.338132858276367, 3], [-8.584346771240234, -14.653425216674805, 2], [-2.6723146438598633, 4.1674089431762695, 4]]}